Path,XMin,YMin,XMax,YMax,ImageID
1.png,0.455357,0.65896,0.690476,0.811175,003c30b02d4fb5a5
